id,职位,城市,学历,工作年限,薪资,第一标签,第二标签,第三标签,技能库,公司名称,融资阶段,公司规模
5826763,数据分析师,北京,本科,3-5年,15k-25k,产品|需求|项目类,数据分析,数据分析,['数据分析'],团车网,上市公司,500-2000人
5545028,大数据分析师,北京,硕士,不限,15k-30k,产品|需求|项目类,数据分析,大数据,[],天眼查,A轮,150-500人
5984122,数据分析师,成都,本科,1-3年,8k-16k,产品|需求|项目类,数据分析,数据分析,"['数据运营', '数据分析']",乐信圣文,B轮,50-150人
5981918,数据分析,深圳,本科,1-3年,7k-10k,产品|需求|项目类,数据分析,数据分析,[],汇合,不需要融资,2000人以上
5804998,数据分析师,北京,本科,3-5年,15k-30k,产品|需求|项目类,数据分析,数据分析,"['BI', 'SPSS', 'SQL']",京东集团,上市公司,2000人以上
5827928,数据分析师（服装QC/QA） (MJ000855),广州,大专,3-5年,8k-15k,生产|加工|制造,服装|纺织|皮革,质量管理|验货员(QA|QC),[],SHEIN,C轮,2000人以上
5834471,数据分析（风控）,上海,本科,1-3年,10k-20k,产品|需求|项目类,数据分析,数据分析,"['SQL', '数据分析']",淘集集,B轮,500-2000人
5985131,数据分析,深圳,大专,1年以下,7k-12k,产品|需求|项目类,数据分析,业务运营,"['数据运营', 'SPSS', 'SQL']",冰川网络,上市公司,500-2000人
5987853,数据分析师（大数据AI行业）,北京,本科,5-10年,20k-40k,产品|需求|项目类,数据分析,数据分析,"['数据分析', 'SPSS']",绿湾,B轮,150-500人
5980882,数据分析师,北京,本科,1-3年,10k-18k,产品|需求|项目类,数据分析,数据分析,"['SQL', 'SPSS', '数据运营', '数据分析']",猫眼电影,未融资,500-2000人
4141349,数据分析,上海,本科,5-10年,20k-35k,产品|需求|项目类,数据分析,数据分析,"['BI', 'SPSS']",拼多多,上市公司,2000人以上
5980388,数据分析师,深圳,本科,3-5年,10k-20k,产品|需求|项目类,数据分析,数据分析,"['数据分析', 'SPSS', 'SQL', 'BI']",佰仟金融,不需要融资,2000人以上
5986263,数据分析师,上海,本科,1-3年,8k-16k,产品|需求|项目类,数据分析,数据分析,"['数据分析', '商业', '数据运营']",韩创科技,不需要融资,500-2000人
5984592,数据分析师,北京,本科,1-3年,15k-25k,产品|需求|项目类,数据分析,数据分析,"['数据分析', 'SPSS']",七牛云,D轮及以上,150-500人
5993592,数据分析（埋点）,北京,本科,1-3年,15k-25k,产品|需求|项目类,数据分析,数据分析,"['BI', '数据分析', 'SQL']",蘑菇智行,A轮,150-500人
4192015,数据分析师（平台治理方向）,上海,本科,1年以下,15k-30k,开发|测试|运维类,数据开发,数据分析,"['数据挖掘', '数据分析']",拼多多,上市公司,2000人以上
5991773,数据分析,上海,本科,3-5年,8k-12k,运营|编辑|客服类,运营,数据运营,[],眸事网,天使轮,150-500人
4876647,数据分析师,北京,本科,1-3年,15k-25k,产品|需求|项目类,数据分析,数据分析,"['SPSS', 'DBA', 'SQL', '数据库']",必要商城,不需要融资,150-500人
5988545,数据分析,深圳,本科,3-5年,10k-15k,产品|需求|项目类,数据分析,数据分析,[],采筑,天使轮,50-150人
5987772,数据分析,杭州,本科,1-3年,8k-13k,产品|需求|项目类,数据分析,数据分析,"['SQL', 'SPSS']",信用管家,不需要融资,150-500人
5993783,数据分析师,广州,本科,3-5年,20k-30k,产品|需求|项目类,数据分析,数据分析,"['BI', '可视化', '数据分析', '数据库']",蜜源新媒体,不需要融资,150-500人
5993460,数据分析师,杭州,本科,3-5年,15k-25k,产品|需求|项目类,数据分析,数据分析,['数据分析'],霖梓控股,B轮,150-500人
5880792,数据分析师,厦门,本科,1-3年,8k-16k,产品|需求|项目类,数据分析,数据分析,['数据分析'],多快好省,不需要融资,50-150人
5568954,数据分析师(J10040),上海,本科,1-3年,8k-10k,运营|编辑|客服类,运营,电商运营,[],上海百秋,未融资,500-2000人
5990110,数据分析师,北京,本科,3-5年,15k-25k,开发|测试|运维类,数据开发,数据分析,['MySQL'],人人贷,A轮,2000人以上
5993740,数据分析师,上海,本科,1-3年,15k-25k,产品|需求|项目类,数据分析,数据分析,"['SQL', '数据分析']",趣头条,上市公司,500-2000人
5993390,数据分析师,北京,本科,3-5年,10k-15k,开发|测试|运维类,数据开发,数据分析,"['数据分析', '数据处理', '数据库开发']",新意互动,上市公司,500-2000人
5992365,数据分析师,上海,本科,3-5年,15k-30k,产品|需求|项目类,数据分析,数据分析,"['BI', 'SQL', '数据库', '数据分析']",驰骛科技ChiefClouds,A轮,50-150人
5990197,数据分析师,上海,本科,3-5年,15k-25k,产品|需求|项目类,数据分析,数据分析,['数据分析'],么么直播,不需要融资,50-150人
5989991,数据分析师,北京,本科,1-3年,10k-20k,产品|需求|项目类,数据分析,数据分析,"['SQL', '数据分析']",玖富集团,D轮及以上,2000人以上
5566843,数据分析师,上海,硕士,1-3年,20k-40k,产品|需求|项目类,数据分析,数据分析,"['数据分析', 'SQL']",拼多多,上市公司,2000人以上
5992997,数据分析师,杭州,本科,1-3年,8k-15k,产品|需求|项目类,数据分析,数据分析,"['数据运营', 'SQL', '数据库', '商业']",霖梓控股,B轮,150-500人
5993734,数据分析师,上海,本科,3-5年,15k-30k,开发|测试|运维类,数据开发,数据分析,"['数据分析', '数据处理']",趣头条,上市公司,500-2000人
5978750,数据分析师（保险）13-01-19,杭州,本科,3-5年,18k-30k,开发|测试|运维类,数据开发,数据分析,"['MySQL', '数据挖掘']",大搜车,D轮及以上,2000人以上
5979794,数据分析师（硕士）,韶关,硕士,1年以下,6k-10k,开发|测试|运维类,数据开发,数据分析,"['数据分析', '数据库开发', 'MySQL']",精点数据,不需要融资,150-500人
4979094,数据分析师（市场）,北京,本科,5-10年,20k-30k,市场|商务类,市场|营销,商业数据分析,"['市场', '数据分析']",京东集团,上市公司,2000人以上
5979170,数据分析师,北京,本科,1-3年,10k-15k,产品|需求|项目类,数据分析,数据分析,"['SPSS', 'SQL', '数据分析']",易点租,D轮及以上,500-2000人
4704007,数据分析师,宁波,本科,1-3年,14k-25k,产品|需求|项目类,数据分析,数据分析,['数据分析'],草料二维码,未融资,50-150人
5978715,数据分析,杭州,大专,1-3年,6k-8k,产品|需求|项目类,数据分析,数据分析,[],华苏科技,上市公司,2000人以上
5940191,数据分析师,上海,本科,1-3年,10k-20k,产品|需求|项目类,数据分析,数据分析,"['数据分析', '商业']",房多多,C轮,2000人以上
5978724,数据分析,郑州,本科,3-5年,8k-16k,产品|需求|项目类,数据分析,数据分析,"['数据库', 'BI', 'SQL']",富士康科技集团,上市公司,2000人以上
5768884,数据分析师（商品） (MJ000834),南京,本科,不限,4k-7k,市场|商务类,市场|营销,商业数据分析,['数据分析'],SHEIN,C轮,2000人以上
5984608,数据分析师,北京,大专,不限,9k-12k,产品|需求|项目类,数据分析,数据分析,"['数据分析', '数据运营', 'SQL', '数据库']",彩讯股份,上市公司,500-2000人
5982758,数据分析师,上海,本科,3-5年,15k-30k,开发|测试|运维类,数据开发,数据分析,[],问卷网@爱调研,B轮,150-500人
5858880,数据分析师,上海,本科,3-5年,15k-30k,产品|需求|项目类,数据分析,业务运营,"['数据分析', '增长黑客', 'BI']",叮咚买菜,B轮,2000人以上
5732360,数据分析师,上海,本科,3-5年,15k-30k,产品|需求|项目类,数据分析,数据分析,[],拼多多,上市公司,2000人以上
4750004,数据分析师（揭阳驻点）,揭阳,本科,1-3年,4k-6k,开发|测试|运维类,数据开发,数据分析,"['Oracle', '数据分析']",精点数据,不需要融资,150-500人
5656395,数据分析师,北京,本科,3-5年,9k-15k,产品|需求|项目类,数据分析,数据分析,"['数据分析', '数据运营', 'SQL']",京东集团,上市公司,2000人以上
5959421,数据分析师 (MJ000983),深圳,本科,1-3年,8k-15k,市场|商务类,市场|营销,商业数据分析,['数据分析'],SHEIN,C轮,2000人以上
5670374,数据分析师,深圳,本科,3-5年,10k-20k,产品|需求|项目类,数据分析,数据分析,"['商业', '数据分析', '数据库', 'SQL']",超级猩猩健身,D轮及以上,150-500人
3968052,数据分析师,深圳,本科,1-3年,10k-20k,金融类,风控,风控,['风控'],百融云创,C轮,500-2000人
5988159,数据分析师,北京,本科,3-5年,15k-25k,产品|需求|项目类,数据分析,数据分析,['数据分析'],玩吧,B轮,150-500人
2754502,数据分析,杭州,本科,1-3年,10k-16k,开发|测试|运维类,数据开发,数据分析,['数据挖掘'],个推,上市公司,500-2000人
5993656,数据分析师-广州,广州,本科,不限,6k-8k,商业服务|专业服务,咨询|调研,专业顾问,[],AdMaster,不需要融资,500-2000人
5771866,增长黑客-数据分析方向,北京,不限,不限,25k-50k,产品|需求|项目类,数据分析,增长黑客（Growth Hacking）,"['增长黑客', '数据分析', '数据运营', '商业']",天眼查,A轮,150-500人
5988452,数据分析工程师,北京,本科,1-3年,15k-30k,开发|测试|运维类,数据开发,数据分析,['数据分析'],洋钱罐,不需要融资,150-500人
5978871,数据分析师,北京,本科,3-5年,15k-30k,产品|需求|项目类,数据分析,数据分析,['数据分析'],美团点评,上市公司,2000人以上
5746828,数据分析师,北京,本科,3-5年,20k-40k,产品|需求|项目类,数据分析,数据分析,"['数据分析', '数据运营']",香格里拉饭店管理（上海）有限公司北京分公司,上市公司,2000人以上
4989112,数据分析工程师,上海,本科,3-5年,20k-25k,开发|测试|运维类,数据开发,数据分析,"['数据挖掘', 'Hadoop', 'Hive', '数据分析']",摩天轮,C轮,150-500人
5985474,DataAnalyst数据分析,杭州,本科,5-10年,15k-20k,金融类,互联网金融,分析师,['分析师'],美国道富,上市公司,2000人以上
5982141,数据分析师（梅州）,梅州,本科,1-3年,3k-6k,开发|测试|运维类,数据开发,数据分析,"['数据分析', 'MySQL', '数据仓库']",精点数据,不需要融资,150-500人
5853381,数据分析师 (MJ000443),南京,本科,1-3年,6k-8k,运营|编辑|客服类,运营,数据运营,"['跨境电商', '数据分析']",SHEIN,C轮,2000人以上
3360283,数据分析师（咨询）,杭州,不限,不限,10k-15k,开发|测试|运维类,数据开发,数据分析,['数据分析'],个推,上市公司,500-2000人
2150312,数据分析师,北京,不限,不限,15k-25k,产品|需求|项目类,数据分析,数据分析,['数据分析'],百融云创,C轮,500-2000人
5987217,数据分析助理,上海,本科,不限,6k-8k,运营|编辑|客服类,运营,数据运营,[],飞书互动,A轮,150-500人
5990400,1121I3-资深数据分析师,上海,本科,5-10年,15k-30k,开发|测试|运维类,数据开发,BI工程师,"['数据仓库', '数据分析', '数据库开发']",平安科技,不需要融资,2000人以上
5824297,数据分析负责人,广州,本科,5-10年,30k-50k,开发|测试|运维类,数据开发,数据分析,['数据分析'],Fordeal,C轮,2000人以上
5992635,资深数据分析师,北京,本科,3-5年,20k-40k,产品|需求|项目类,数据分析,数据分析,"['数据分析', '数据库', '增长黑客', '商业']",V8实拍,B轮,150-500人
5728222,数据分析专员,北京,本科,不限,7k-10k,运营|编辑|客服类,运营,数据运营,[],天眼查,A轮,150-500人
5990947,资深数据分析师,北京,本科,5-10年,25k-35k,开发|测试|运维类,数据开发,数据分析,"['数据挖掘', '数据分析', '数据仓库', '数据架构']",万润,不需要融资,50-150人
4703938,数据分析实习生,宁波,本科,应届毕业生,5k-10k,运营|编辑|客服类,运营,其他运营,['数据分析'],草料二维码,未融资,50-150人
5568958,数据分析主管(J10041),上海,本科,1-3年,10k-15k,运营|编辑|客服类,运营,电商运营,['运营'],上海百秋,未融资,500-2000人
5983562,数据分析经理,深圳,本科,5-10年,20k-25k,产品|需求|项目类,数据分析,数据分析,"['数据分析', 'SQL']",买买提信息科技,不需要融资,150-500人
5983014,数据分析经理,广州,本科,5-10年,20k-30k,开发|测试|运维类,数据开发,数据分析,"['数据分析', '数据处理']",智牛数字科技,A轮,150-500人
5980350,高级数据分析师,深圳,本科,3-5年,15k-30k,开发|测试|运维类,数据开发,数据分析,['数据分析'],随手科技,C轮,500-2000人
5331443,数据分析师（广州）,广州,不限,1-3年,5k-7k,开发|测试|运维类,数据开发,数据分析,"['数据分析', 'MySQL', 'Spark']",精点数据,不需要融资,150-500人
2603222,数据分析师,杭州,本科,1-3年,12k-15k,产品|需求|项目类,数据分析,数据分析,['数据分析'],个推,上市公司,500-2000人
5756358,资深数据分析师 - 杭州,杭州,本科,5-10年,25k-40k,开发|测试|运维类,数据开发,数据分析,['数据分析'],Fordeal,C轮,2000人以上
5978263,数据分析专员,北京,大专,1-3年,8k-12k,产品|需求|项目类,数据分析,数据分析,['数据分析'],52TOYS,A轮,50-150人
5905716,数据分析经理,上海,本科,3-5年,20k-40k,产品|需求|项目类,数据分析,BI,"['BI', '数据分析', '数据库', 'DBA']",携程,上市公司,2000人以上
5205509,高级数据分析师,北京,本科,5-10年,20k-40k,产品|需求|项目类,数据分析,数据分析,"['商业', '数据分析']",拉勾网,D轮及以上,500-2000人
5991495,数据分析专家/经理,深圳,本科,3-5年,20k-30k,产品|需求|项目类,高端产品职位,数据分析专家,[],金蝶蝶金,上市公司,2000人以上
2561891,高级数据分析师,上海,本科,1-3年,15k-20k,产品|需求|项目类,产品经理,其他产品经理,[],百融云创,C轮,500-2000人
5993780,BI数据分析师/数据分析专家/数据分析高级专家,北京,本科,3-5年,25k-50k,产品|需求|项目类,数据分析,BI,"['BI', '可视化', '数据分析', 'SQL']",车好多集团,D轮及以上,2000人以上
5993281,高级数据分析师,深圳,本科,3-5年,20k-40k,产品|需求|项目类,数据分析,数据分析,[],OPPO,不需要融资,2000人以上
5991655,高级数据分析师,广州,不限,不限,20k-40k,产品|需求|项目类,数据分析,数据分析,"['数据分析', '数据运营', '增长黑客']",Bigo,D轮及以上,500-2000人
5819841,初级数据分析师,深圳,大专,1年以下,4k-5k,产品|需求|项目类,数据分析,数据分析,['商业'],乐格信息,A轮,150-500人
3948187,高级数据分析师,北京,本科,3-5年,25k-50k,开发|测试|运维类,数据开发,数据分析,"['数据挖掘', '数据分析']",最右,C轮,150-500人
5990010,高级数据分析师,杭州,大专,3-5年,17k-25k,开发|测试|运维类,数据开发,数据分析,"['数据分析', 'MySQL', '数据处理']",微拍堂,A轮,150-500人
5992197,大数据分析师,杭州,不限,3-5年,10k-20k,开发|测试|运维类,数据开发,数据分析,"['数据挖掘', '数据分析']",丁香园,D轮及以上,500-2000人
3116205,数据分析师（咨询部）,杭州,不限,不限,10k-15k,开发|测试|运维类,企业软件,实施工程师,['软件开发'],个推,上市公司,500-2000人
5822086,数据分析负责人（杭州）,杭州,本科,5-10年,30k-50k,开发|测试|运维类,数据开发,数据分析,['数据分析'],Fordeal,C轮,2000人以上
5989481,数据分析师,武汉,本科,3-5年,7k-14k,产品|需求|项目类,数据分析,数据分析,"['数据分析', '数据运营']",烽火科技&middot;虹旭信息技术有限公司,不需要融资,150-500人
5990953,数据分析师,惠州,本科,1-3年,5k-8k,产品|需求|项目类,数据分析,可视化,"['SQL', '数据库', '可视化', '数据分析']",迪奥科技,A轮,15-50人
5326129,高级数据分析工程师,上海,本科,5-10年,20k-30k,产品|需求|项目类,数据分析,BI,"['BI', '可视化', '数据分析', 'SQL']",摩天轮,C轮,150-500人
5979013,高级商业分析师/高级数据分析师,上海,本科,3-5年,20k-40k,产品|需求|项目类,数据分析,数据分析,['数据分析'],上海你我贷互联网金融信息服务,未融资,2000人以上
5985912,高级计量模型及数据分析经理G00083,成都,硕士,5-10年,20k-35k,开发|测试|运维类,人工智能,机器学习,"['机器学习', '数据挖掘', '建模']",希望金科,不需要融资,150-500人
5983253,数据分析师,深圳,本科,3-5年,8k-15k,产品|需求|项目类,数据分析,数据分析,[],字节跳动,C轮,2000人以上
5993397,数据分析,广州,大专,1-3年,8k-12k,产品|需求|项目类,数据分析,数据分析,"['SQL', '数据库']",派鲜,B轮,150-500人
5993104,数据分析师-Data Analyst,成都,本科,1-3年,10k-15k,产品|需求|项目类,数据分析,数据分析,"['SQL', '数据分析']",申帝科技,未融资,15-50人
5987056,数据分析岗,北京,本科,5-10年,15k-25k,开发|测试|运维类,数据开发,数据分析,['数据分析'],京东物流,上市公司,2000人以上
5991455,资深数据挖掘/数据分析（要求5年以上工作经验）,上海,本科,应届毕业生,30k-60k,开发|测试|运维类,人工智能,算法研究员,"['机器学习', '数据挖掘', '算法']",趣头条,上市公司,500-2000人
5988468,数据分析师 (MJ000926),深圳,不限,3-5年,10k-20k,开发|测试|运维类,数据开发,数据分析,['数据分析'],云之讯,B轮,150-500人
5990730,数据分析,上海,本科,5-10年,30k-60k,产品|需求|项目类,数据分析,数据分析,[],爱分趣,B轮,50-150人
4965048,SQL数据分析师,上海,本科,3-5年,17k-30k,开发|测试|运维类,数据开发,数据分析,['SQLServer'],京东集团,上市公司,2000人以上
5992175,数据分析专家,杭州,不限,不限,18k-25k,产品|需求|项目类,数据分析,数据分析,"['BI', '数据分析', '数据库']",丁香园,D轮及以上,500-2000人
5989142,数据分析专员,天津,大专,1-3年,4k-8k,产品|需求|项目类,数据分析,数据分析,"['数据分析', '数据运营']",云脉三六五,天使轮,15-50人
5982066,数据分析师,北京,硕士,3-5年,30k-50k,产品|需求|项目类,数据分析,数据分析,"['数据分析', '数据运营', '数据库', '商业']",北京宏尚福达科技发展有限公司,未融资,150-500人
5982611,数据分析师,深圳,本科,1-3年,8k-15k,产品|需求|项目类,数据分析,数据分析,['项目管理'],字节跳动,C轮,2000人以上
5979197,商业数据分析师,北京,不限,3-5年,20k-40k,开发|测试|运维类,数据开发,数据分析,"['Hive', 'MySQL']",Airbnb,D轮及以上,2000人以上
5990406,数据分析,北京,本科,5-10年,25k-35k,产品|需求|项目类,数据分析,数据分析,['BI'],昆山科信,未融资,50-150人
5983867,高级数据分析师,上海,硕士,3-5年,25k-30k,产品|需求|项目类,数据分析,数据分析,"['SQL', '商业', '数据分析', '可视化']",Coupang,不需要融资,150-500人
5981448,数据分析师,上海,本科,3-5年,10k-18k,产品|需求|项目类,数据分析,数据分析,"['数据分析', 'SQL']",探禄网络,不需要融资,50-150人
5983938,广告数据分析,北京,大专,1-3年,8k-12k,产品|需求|项目类,数据分析,数据分析,"['数据运营', 'SPSS', '数据分析']",硬核联盟,上市公司,150-500人
5978148,供应链数据分析岗,北京,不限,5-10年,12k-18k,开发|测试|运维类,数据开发,数据分析,['数据分析'],京东集团,上市公司,2000人以上
5985160,数据分析师,上海,硕士,1-3年,10k-18k,产品|需求|项目类,数据分析,大数据,[],玳鸽,A轮,50-150人
5979059,大数据分析师,北京,本科,5-10年,20k-28k,开发|测试|运维类,数据开发,数据分析,"['数据分析', 'MySQL']",奥琦玮,C轮,500-2000人
5990673,数据分析师,广州,本科,3-5年,15k-30k,产品|需求|项目类,数据分析,数据分析,"['数据库', '数据分析', 'SQL', '可视化']",网易,上市公司,2000人以上
5985968,数据分析师,北京,硕士,应届毕业生,7k-12k,产品|需求|项目类,数据分析,数据分析,"['数据分析', 'BI', '数据运营']",时趣social-touch,D轮及以上,500-2000人
5984618,资深数据分析师,上海,本科,5-10年,25k-35k,开发|测试|运维类,数据开发,数据分析,"['MySQL', 'Oracle']",众安保险,上市公司,2000人以上
5984493,数据分析,北京,不限,3-5年,15k-25k,产品|需求|项目类,数据分析,数据分析,[],华友联创,不需要融资,50-150人
5984417,数据分析师,北京,本科,5-10年,35k-70k,产品|需求|项目类,数据分析,数据分析,['数据分析'],合伙猫,未融资,15-50人
5982802,数据分析工程师,广州,硕士,应届毕业生,7k-13k,开发|测试|运维类,数据开发,数据分析,"['数据挖掘', '数据分析', '算法']",XAG极飞科技,B轮,500-2000人
5979565,社招：数据分析师,北京,本科,3-5年,20k-40k,产品|需求|项目类,数据分析,数据分析,"['数据分析', 'BI', 'SQL']",鉴才营销策划有限公司,不需要融资,15-50人
5987081,高级数据分析师,北京,不限,应届毕业生,20k-30k,开发|测试|运维类,数据开发,数据分析,['数据分析'],松鼠拼拼,B轮,2000人以上
5979318,数据分析总监-北京-04771,北京,本科,5-10年,20k-26k,产品|需求|项目类,数据分析,数据分析,"['数据分析', '数据运营']",龙图游戏,不需要融资,500-2000人
5984802,数据分析实习生,杭州,本科,应届毕业生,3k-4k,开发|测试|运维类,数据开发,数据分析,[],壹向,不需要融资,50-150人
5981833,经营数据分析岗,北京,本科,3-5年,15k-25k,运营|编辑|客服类,运营,数据运营,[],京东集团,上市公司,2000人以上
5983433,数据分析实习生,北京,本科,应届毕业生,2k-4k,产品|需求|项目类,数据分析,数据分析,['数据分析'],猎豹移动,上市公司,500-2000人
5151346,数据分析师,上海,本科,3-5年,15k-30k,产品|需求|项目类,数据分析,数据分析,['数据分析'],还呗-智能信贷领先者,B轮,500-2000人
5529993,数据分析,上海,本科,3-5年,10k-20k,产品|需求|项目类,数据分析,数据分析,['SQL'],汇付,上市公司,500-2000人
917502,数据分析师,深圳,本科,1-3年,8k-15k,产品|需求|项目类,数据分析,数据分析,"['SPSS', '数据运营', '数据分析']",极光,上市公司,500-2000人
5688572,数据分析师,北京,本科,1-3年,10k-20k,产品|需求|项目类,数据分析,数据分析,['数据分析'],凤凰网,上市公司,2000人以上
3183977,数据分析师,上海,本科,3-5年,15k-25k,产品|需求|项目类,数据分析,数据分析,[],达达-京东到家,D轮及以上,2000人以上
5261785,数据分析,深圳,本科,不限,20k-40k,产品|需求|项目类,数据分析,数据分析,[],OPPO,不需要融资,2000人以上
5987072,业务数据分析师,北京,不限,应届毕业生,15k-20k,开发|测试|运维类,数据开发,数据分析,['数据分析'],松鼠拼拼,B轮,2000人以上
4584794,数据分析师（金融）,北京,本科,3-5年,20k-40k,产品|需求|项目类,数据分析,数据分析,"['商业', '可视化', '数据分析']",车好多集团,D轮及以上,2000人以上
3290614,数据分析师（中高级）,上海,本科,3-5年,15k-25k,产品|需求|项目类,数据分析,数据分析,"['数据分析', 'SPSS']",达达-京东到家,D轮及以上,2000人以上
3868326,数据分析师,深圳,本科,1-3年,20k-40k,开发|测试|运维类,数据开发,数据分析,"['数据挖掘', '数据分析']",OPPO,不需要融资,2000人以上
5319175,数据分析师（数据中心）,上海,本科,1-3年,15k-25k,开发|测试|运维类,数据开发,数据分析,"['数据分析', '数据处理', 'SQLServer']",收钱吧,C轮,500-2000人
5500720,25210V-数据分析师,上海,本科,3-5年,13k-26k,开发|测试|运维类,数据开发,数据分析,"['数据分析', '数据挖掘']",陆金所,B轮,2000人以上
4385214,数据分析师,武汉,本科,3-5年,15k-25k,产品|需求|项目类,数据分析,数据分析,"['商业', 'BI', '数据分析']",微派,B轮,50-150人
5845522,数据分析师,深圳,本科,1-3年,8k-15k,开发|测试|运维类,数据开发,数据分析,"['MySQL', '数据分析']",随手科技,C轮,500-2000人
3167494,数据分析师,上海,本科,1-3年,8k-12k,产品|需求|项目类,数据分析,数据分析,"['数据分析', 'SQL']",眸事网,天使轮,150-500人
3045803,数据分析师,杭州,本科,3-5年,12k-24k,产品|需求|项目类,数据分析,数据分析,"['BI', '数据分析']",观远数据,A轮,50-150人
5975685,数据分析师（广告投放）,北京,本科,3-5年,12k-18k,开发|测试|运维类,数据开发,数据分析,[],掌阅,上市公司,500-2000人
5294402,数据分析师 (MJ001409),广州,本科,3-5年,10k-20k,开发|测试|运维类,数据开发,数据分析,['数据分析'],欢聚时代（YY Inc）,上市公司,2000人以上
5974488,大数据分析师（中台）(J10559),上海,不限,不限,20k-30k,开发|测试|运维类,数据开发,数据分析,"['ETL', 'Java', 'Hadoop', 'Spark']",哈出行,D轮及以上,2000人以上
2428796,数据分析师,深圳,本科,1-3年,8k-15k,产品|需求|项目类,数据分析,数据分析,"['SPSS', '数据库', 'SQL']",深圳白骑士大数据有限公司,A轮,50-150人
5813773,数据分析师,重庆,大专,3-5年,15k-30k,开发|测试|运维类,数据开发,数据分析,"['数据挖掘', '数据分析']",迅游科技,不需要融资,150-500人
4430005,数据分析师,北京,本科,3-5年,15k-30k,产品|需求|项目类,数据分析,数据分析,"['商业', '可视化', '数据分析']",车好多集团,D轮及以上,2000人以上
5606980,数据分析师,深圳,本科,1-3年,20k-40k,产品|需求|项目类,数据分析,数据分析,"['增长黑客', 'BI', '数据分析']",OPPO,不需要融资,2000人以上
5579971,25212E-数据分析岗,深圳,本科,3-5年,10k-15k,市场|商务类,市场|营销,商业数据分析,"['市场竞争分析', '市场分析', '消费者分析', '数据分析']",陆金所,B轮,2000人以上
5864318,数据分析师,上海,本科,3-5年,25k-40k,产品|需求|项目类,数据分析,数据分析,"['数据分析', 'SQL', '可视化', '数据库']",永辉云创科技有限公司,D轮及以上,2000人以上
3261618,数据分析师（ AW),深圳,本科,1-3年,8k-10k,产品|需求|项目类,数据分析,数据分析,['SPSS'],爱问科技,不需要融资,150-500人
5971021,数据分析师,北京,本科,1-3年,10k-20k,产品|需求|项目类,数据分析,数据分析,"['SQL', '数据分析']",天创信用,B轮,150-500人
5976483,数据分析师,北京,不限,不限,10k-20k,开发|测试|运维类,数据开发,数据分析,[],皇包车,C轮,150-500人
5811856,数据分析师（信息流）(J11843),上海,本科,3-5年,10k-18k,产品|需求|项目类,数据分析,数据分析,"['BI', '可视化', 'SQL', '数据分析']",2345.com,上市公司,500-2000人
5868704,数据分析师,上海,本科,3-5年,15k-25k,产品|需求|项目类,数据分析,数据分析,"['BI', '数据分析', 'SQL', '数据运营']",微知,B轮,150-500人
5869894,数据分析师,北京,本科,1-3年,8k-15k,产品|需求|项目类,数据分析,数据分析,['SQL'],自如网,A轮,2000人以上
5945321,数据分析,北京,本科,3-5年,10k-18k,产品|需求|项目类,数据分析,数据分析,['数据运营'],天工矩阵,A轮,50-150人
5825940,数据分析师,武汉,本科,3-5年,8k-12k,综合职能|高级管理,财务,财务,['分析'],斗鱼直播,D轮及以上,2000人以上
3051093,数据分析师,北京,本科,应届毕业生,10k-15k,产品|需求|项目类,数据分析,数据分析,['数据分析'],百融云创,C轮,500-2000人
5976612,数据分析师,广州,本科,1-3年,8k-15k,产品|需求|项目类,数据分析,数据分析,"['数据分析', '增长黑客', '数据运营', '可视化']",作文纸条,A轮,50-150人
5840481,数据分析师,杭州,大专,不限,4k-6k,产品|需求|项目类,数据分析,数据分析,['数据分析'],格上出行,不需要融资,500-2000人
4996784,数据分析师（数据策略方向）,北京,本科,3-5年,15k-30k,产品|需求|项目类,数据分析,数据分析,"['商业', 'SQL', 'SPSS', '数据分析']",车好多集团,D轮及以上,2000人以上
5606980,数据分析师,深圳,本科,1-3年,20k-40k,产品|需求|项目类,数据分析,数据分析,"['增长黑客', 'BI', '数据分析']",OPPO,不需要融资,2000人以上
5840481,数据分析师,杭州,大专,不限,4k-6k,产品|需求|项目类,数据分析,数据分析,['数据分析'],格上出行,不需要融资,500-2000人
5859650,数据分析师,北京,本科,1-3年,10k-15k,产品|需求|项目类,数据分析,数据分析,"['数据分析', 'SQL', 'SPSS']",北京捷越联合,不需要融资,2000人以上
5826170,运营专员-数据分析方向,武汉,本科,1-3年,6k-8k,运营|编辑|客服类,运营,游戏运营,['游戏运营'],点智科技,B轮,150-500人
4535740,数据分析经理,北京,本科,5-10年,15k-30k,产品|需求|项目类,数据分析,数据分析,"['数据分析', 'SPSS']",自如网,A轮,2000人以上
4916502,数据分析,北京,本科,3-5年,15k-25k,开发|测试|运维类,数据开发,数据分析,"['算法', '数据挖掘', '数据架构', '数据仓库']",花生米富,B轮,150-500人
2382205,数据分析师,杭州,本科,1-3年,8k-12k,产品|需求|项目类,数据分析,数据分析,"['商业', '数据分析']",森马电商,上市公司,500-2000人
5915782,数据分析师,北京,本科,3-5年,20k-30k,产品|需求|项目类,数据分析,数据分析,"['数据分析', 'SQL']",闪银奇异,D轮及以上,500-2000人
3062432,数据分析/数据挖掘工程师,深圳,本科,3-5年,10k-20k,产品|需求|项目类,数据分析,数据分析,"['BI', '可视化', '数据分析']",小泊,不需要融资,500-2000人
3975218,数据分析（互联网运营中心）,郑州,本科,3-5年,12k-24k,开发|测试|运维类,数据开发,数据分析,"['数据挖掘', '数据分析']",中移在线服务有限公司,不需要融资,2000人以上
5831968,数据分析师,北京,本科,1-3年,15k-20k,产品|需求|项目类,数据分析,数据分析,"['数据分析', 'SQL']",印象笔记,A轮,50-150人
2880998,数据分析师,成都,本科,5-10年,14k-20k,产品|需求|项目类,数据分析,数据分析,['数据分析'],万益能源,不需要融资,50-150人
5919324,数据分析（风控方向）,深圳,本科,1-3年,7k-12k,产品|需求|项目类,数据分析,数据分析,['数据分析'],新国都,上市公司,2000人以上
5976999,数据分析（BI方向）,杭州,本科,1-3年,8k-15k,开发|测试|运维类,数据开发,数据分析,"['MySQL', '数据挖掘', 'DBA', '数据分析']",盈富斯,C轮,150-500人
5827281,数据分析师,北京,本科,1-3年,14k-20k,产品|需求|项目类,数据分析,数据分析,"['增长黑客', '数据分析', '商业']",下厨房,B轮,50-150人
4467010,数据分析师（BI）,杭州,本科,1-3年,8k-15k,产品|需求|项目类,数据分析,数据分析,"['BI', '数据分析']",Club Factory,C轮,150-500人
3024791,BI工程师/数据分析师,南京,本科,3-5年,12k-24k,产品|需求|项目类,数据分析,数据分析,"['BI', '数据分析']",艾佳生活,B轮,150-500人
5912620,数据分析师,北京,本科,1-3年,15k-25k,产品|需求|项目类,数据分析,业务运营,"['数据分析', 'SQL']",有利网,不需要融资,2000人以上
5644738,数据分析,上海,本科,3-5年,15k-30k,产品|需求|项目类,数据分析,数据分析,[],完美世界,上市公司,2000人以上
5827915,数据分析师 （桔子理财） (MJ000539),深圳,本科,不限,15k-30k,金融类,风控,风控,['风控'],乐信,上市公司,2000人以上
5451656,数据分析实习生 (MJ000998),上海,不限,不限,2k-4k,开发|测试|运维类,数据开发,数据分析,['数据分析'],挖财,D轮及以上,500-2000人
5912689,数据分析师,北京,本科,5-10年,15k-30k,产品|需求|项目类,数据分析,数据分析,['数据分析'],考虫网,D轮及以上,150-500人
5955664,数据分析师,深圳,大专,1-3年,12k-15k,产品|需求|项目类,数据分析,数据分析,"['数据分析', 'SPSS', '数据运营']",宜搜,D轮及以上,500-2000人
5075030,数据分析岗,北京,本科,1-3年,15k-25k,金融类,互联网金融,分析师,"['风控', '分析师']",阳光产险信保事业部,不需要融资,2000人以上
5906062,数据分析师（ETL方向）,深圳,本科,1-3年,10k-15k,开发|测试|运维类,数据开发,数据分析,['ETL'],希为科技,不需要融资,50-150人
5743333,数据分析师,广州,本科,1-3年,8k-11k,产品|需求|项目类,数据分析,数据分析,"['可视化', '数据分析']",明动软件,不需要融资,150-500人
5969252,数据分析师,深圳,大专,1-3年,10k-18k,产品|需求|项目类,数据分析,数据分析,"['BI', '数据分析', '可视化', '数据运营']",咸鱼游戏,B轮,150-500人
5945751,数据分析,北京,本科,3-5年,12k-24k,产品|需求|项目类,数据分析,数据分析,['SQL'],悠贝 | YOURBAY,不需要融资,50-150人
5620108,数据分析,北京,本科,3-5年,15k-25k,产品|需求|项目类,数据分析,数据分析,[],快看漫画,D轮及以上,150-500人
5407651,数据分析师,上海,硕士,不限,10k-20k,产品|需求|项目类,数据分析,数据分析,"['商业', 'BI', '数据分析']",晶赞科技Zamplus,D轮及以上,150-500人
5805757,数据分析师,北京,本科,3-5年,20k-30k,产品|需求|项目类,数据分析,数据分析,[],百信银行,不需要融资,150-500人
4957675,数据分析师,上海,本科,1-3年,12k-16k,产品|需求|项目类,数据分析,数据分析,"['SQL', '数据分析']",算话智能科技有限公司,B轮,50-150人
4757428,数据分析师-上海,上海,本科,3-5年,15k-25k,产品|需求|项目类,数据分析,数据分析,"['商业', 'BI', '可视化', '数据分析']",神策数据,C轮,150-500人
5345402,数据分析师,合肥,本科,3-5年,10k-15k,产品|需求|项目类,数据分析,数据分析,"['数据分析', '数据运营']",七天教育,B轮,500-2000人
5871074,数据分析师,深圳,本科,1-3年,10k-15k,开发|测试|运维类,数据开发,数据分析,"['数据分析', 'MySQL']",恒信永利,不需要融资,2000人以上
5962512,数据分析师,北京,本科,3-5年,15k-25k,产品|需求|项目类,数据分析,数据分析,"['数据分析', '数据运营', '增长黑客', '商业']",万润,不需要融资,50-150人
5950873,数据分析师,北京,本科,1-3年,15k-25k,产品|需求|项目类,数据分析,数据分析,['商业'],车托帮,C轮,50-150人
5935757,数据分析师（增长方向）,北京,本科,5-10年,25k-50k,产品|需求|项目类,数据分析,增长黑客（Growth Hacking）,"['数据分析', 'SQL']",省钱快报,C轮,150-500人
5521481,数据分析师,上海,本科,1-3年,6k-8k,运营|编辑|客服类,运营,数据运营,['数据分析'],东方新闻,不需要融资,150-500人
5779914,数据分析师,北京,本科,3-5年,15k-30k,产品|需求|项目类,数据分析,数据分析,"['BI', '可视化', 'SQL', '数据库']",喜马拉雅,D轮及以上,500-2000人
4341361,数据分析师,上海,本科,1-3年,10k-20k,开发|测试|运维类,数据开发,数据分析,"['数据挖掘', '数据分析']",HARB,B轮,50-150人
5924383,数据分析,北京,本科,3-5年,20k-40k,产品|需求|项目类,数据分析,数据分析,"['BI', '可视化']",美篇,B轮,50-150人
5961260,数据分析师（SB0902）,长沙,本科,1-3年,8k-10k,开发|测试|运维类,数据开发,数据分析,"['数据分析', 'SQLServer']",蜜獾信息,不需要融资,150-500人
5883451,数据分析师,北京,本科,3-5年,15k-25k,产品|需求|项目类,数据分析,数据分析,"['商业', 'SQL', '数据分析']",动动,B轮,50-150人
5719810,数据分析师,北京,本科,3-5年,15k-30k,产品|需求|项目类,数据分析,数据分析,['数据分析'],Soul App,C轮,150-500人
5936262,数据分析师（渠道/流量分析）,北京,本科,3-5年,20k-40k,产品|需求|项目类,数据分析,数据分析,"['SQL', '数据分析']",省钱快报,C轮,150-500人
5957659,数据分析师,北京,本科,3-5年,10k-20k,产品|需求|项目类,数据分析,数据分析,['数据分析'],钱方好近,B轮,150-500人
5974976,数据分析师,上海,本科,3-5年,10k-20k,金融类,互联网金融,风控,['风控'],前隆科技,B轮,500-2000人
5040265,数据分析师,广州,本科,3-5年,10k-15k,开发|测试|运维类,数据开发,数据分析,"['MySQL', '数据分析', '数据挖掘', 'DBA']",对庄科技,A轮,15-50人
5545318,数据分析师,深圳,本科,3-5年,20k-40k,产品|需求|项目类,数据分析,数据分析,"['数据分析', 'BI', '数据运营']",小步网络,B轮,150-500人
5895091,数据分析,上海,本科,1-3年,7k-10k,产品|需求|项目类,数据分析,数据分析,"['SQL', 'SPSS', '数据库']",设计院,上市公司,2000人以上
5912913,数据分析师,北京,不限,3-5年,15k-30k,产品|需求|项目类,数据分析,数据分析,"['BI', '商业', '数据分析']",百度,不需要融资,2000人以上
3413899,23048-数据分析师,北京,本科,3-5年,18k-36k,开发|测试|运维类,数据开发,数据分析,"['数据挖掘', '数据分析']",腾讯,上市公司,2000人以上
5792476,数据分析师(J10380),北京,本科,3-5年,15k-30k,开发|测试|运维类,数据开发,数据分析,[],伴鱼口语,C轮,500-2000人
5899327,12217U-数据分析岗,上海,本科,3-5年,10k-15k,产品|需求|项目类,数据分析,数据分析,['数据分析'],平安金服,上市公司,2000人以上
5967657,数据分析,深圳,本科,1-3年,10k-20k,开发|测试|运维类,数据开发,数据分析,"['DBA', 'MySQL', '数据挖掘']",盈富斯,C轮,150-500人
5899704,数据分析师,北京,不限,5-10年,20k-35k,产品|需求|项目类,数据分析,数据分析,"['数据分析', 'BI', '增长黑客']",易观,B轮,150-500人
5420145,数据分析经理,北京,本科,5-10年,25k-40k,运营|编辑|客服类,运营,数据运营,"['数据分析', '策略运营']",车好多集团,D轮及以上,2000人以上
4568696,数据分析师,深圳,本科,3-5年,15k-25k,产品|需求|项目类,数据分析,数据分析,"['数据分析', 'SQL']",希为科技,不需要融资,50-150人
5792361,数据分析师(J10380),北京,本科,3-5年,15k-30k,运营|编辑|客服类,运营,数据运营,"['数据分析', '用户增长']",伴鱼口语,C轮,500-2000人
5859847,12217K-数据分析师,上海,本科,1-3年,12k-16k,产品|需求|项目类,数据分析,数据分析,['SQL'],平安金服,上市公司,2000人以上
4735530,数据分析（南京）,南京,本科,1-3年,10k-15k,开发|测试|运维类,数据开发,数据分析,"['数据挖掘', '数据分析']",飞常准,不需要融资,500-2000人
5804426,数据分析,苏州,本科,3-5年,20k-30k,产品|需求|项目类,数据分析,数据分析,['SQL'],同程艺龙,上市公司,2000人以上
5822637,数据分析师,深圳,本科,1-3年,10k-15k,开发|测试|运维类,数据开发,数据分析,"['Hive', '数据分析']",魅族,A轮,2000人以上
5783436,数据分析师（数据运营）,深圳,本科,3-5年,15k-25k,产品|需求|项目类,数据分析,数据分析,"['数据分析', '数据运营']",鹏元征信有限公司,不需要融资,150-500人
5483537,数据分析师,北京,本科,1-3年,12k-22k,产品|需求|项目类,数据分析,数据分析,['BI'],皇包车,C轮,150-500人
5956101,数据分析师（广告投放）,北京,本科,不限,15k-25k,开发|测试|运维类,数据开发,数据分析,[],掌阅,上市公司,500-2000人
5458590,数据分析师,杭州,本科,不限,8k-16k,产品|需求|项目类,数据分析,数据分析,"['数据分析', '数据库', 'SQL', '数据运营']",创邻科技,A轮,15-50人
5941625,数据分析师,深圳,本科,3-5年,13k-25k,产品|需求|项目类,数据分析,数据分析,"['数据分析', 'SQL']",梦享网络,B轮,50-150人
5450245,数据分析师,北京,本科,1-3年,15k-25k,产品|需求|项目类,数据分析,数据分析,"['SPSS', '数据分析', 'SQL', '商业']",猎豹移动,上市公司,500-2000人
5946854,数据分析,北京,本科,3-5年,15k-30k,产品|需求|项目类,数据分析,数据分析,['数据运营'],OKCoin,B轮,500-2000人
4328277,数据分析师,上海,本科,1-3年,15k-20k,开发|测试|运维类,数据开发,数据分析,"['数据挖掘', '数据分析']",美至科技,A轮,50-150人
4143575,数据分析员,北京,本科,1-3年,6k-10k,产品|需求|项目类,数据分析,数据分析,"['数据分析', 'SPSS']",久爱致和,上市公司,150-500人
5482652,数据分析,北京,本科,1-3年,8k-15k,产品|需求|项目类,数据分析,数据分析,['数据运营'],世纪佳缘,上市公司,500-2000人
5976446,数据分析师,北京,本科,3-5年,15k-25k,产品|需求|项目类,数据分析,数据分析,['数据分析'],人人公司,上市公司,2000人以上
5545140,数据分析师,北京,本科,1-3年,15k-25k,产品|需求|项目类,数据分析,数据分析,"['商业', '数据分析', 'SPSS', 'SQL']",洋钱罐,不需要融资,150-500人
5818045,数据分析师,北京,本科,1-3年,15k-25k,产品|需求|项目类,数据分析,数据分析,"['数据分析', '数据库']",狮桥集团,不需要融资,2000人以上
1429188,数据分析师,上海,本科,不限,10k-15k,产品|需求|项目类,数据分析,数据分析,[],麦图科技,A轮,15-50人
5620063,数据分析师,北京,本科,3-5年,15k-25k,产品|需求|项目类,数据分析,数据分析,['数据分析'],快看漫画,D轮及以上,150-500人
5288845,数据分析,杭州,本科,3-5年,10k-20k,产品|需求|项目类,数据分析,数据分析,['BI'],电视淘宝,不需要融资,50-150人
5532121,数据分析,杭州,本科,3-5年,12k-20k,开发|测试|运维类,数据开发,数据分析,"['数据仓库', '数据架构']",红花朵朵,A轮,50-150人
5316172,数据分析师,苏州,硕士,1-3年,12k-24k,产品|需求|项目类,数据分析,数据分析,"['SPSS', '数据分析', 'SQL']",苏州瑞鹏信息技术有限公司,不需要融资,50-150人
5851943,游戏运营-数据分析方向,成都,本科,3-5年,10k-20k,运营|编辑|客服类,运营,数据运营,"['数据分析', '效果跟踪']",91Act,不需要融资,50-150人
5954567,数据分析师,深圳,本科,3-5年,14k-20k,开发|测试|运维类,数据开发,机器学习,"['Hadoop', 'Spark', '数据分析', '数据处理']",来电科技,不需要融资,500-2000人
5355366,数据分析师,深圳,本科,1-3年,15k-30k,产品|需求|项目类,数据分析,数据分析,"['BI', 'SQL', '数据库', '数据分析']",观远数据,A轮,50-150人
5494730,大数据分析师,郑州,本科,3-5年,15k-25k,产品|需求|项目类,数据分析,数据分析,"['数据分析', 'SQL']",中移在线服务有限公司,不需要融资,2000人以上
3760775,数据分析师,北京,本科,1-3年,20K-40K,开发|测试|运维类,数据开发,数据分析,"['数据挖掘', '数据分析']",一览科技,B轮,150-500人
5859533,数据分析员（台江）,福州,大专,不限,3k-4k,综合职能|高级管理,行政,文员,['文员'],成都三泰福州分公司,未融资,50-150人
5954722,数据分析师,佛山,本科,5-10年,8k-15k,产品|需求|项目类,数据分析,大数据,"['数据分析', '数据运营']",碧桂园集团数字化管理中心,不需要融资,2000人以上
5913206,数据分析（融资方向）,北京,本科,1-3年,8k-14k,产品|需求|项目类,数据分析,数据分析,"['BI', 'SQL', '数据库']",有利网,不需要融资,2000人以上
3536483,数据分析师,北京,硕士,不限,10k-20k,产品|需求|项目类,数据分析,数据分析,['数据分析'],博雅大数据学院,未融资,50-150人
5915035,数据分析,武汉,本科,1年以下,4k-5k,产品|需求|项目类,数据分析,数据分析,[],传神,上市公司,500-2000人
4687784,数据分析师,上海,本科,1-3年,15k-25k,开发|测试|运维类,数据开发,数据分析,"['数据挖掘', '数据分析']",别样app,B轮,150-500人
5895438,数据分析师 (MJ000438),北京,本科,1年以下,15k-25k,产品|需求|项目类,数据分析,数据分析,"['数据分析', '数据运营']",火花思维,C轮,500-2000人
5626182,数据分析师,深圳,本科,1-3年,12k-20k,产品|需求|项目类,数据分析,数据分析,['BI'],卓轩科技,A轮,50-150人
5762588,数据分析师,深圳,硕士,不限,10k-15k,开发|测试|运维类,数据开发,数据分析,['数据分析'],晶泰科技,B轮,50-150人
4414826,数据分析师,杭州,本科,3-5年,14k-24k,产品|需求|项目类,数据分析,数据分析,"['BI', '可视化', '数据分析']",绿漫科技,不需要融资,50-150人
5966622,数据分析师,北京,本科,3-5年,10k-20k,运营|编辑|客服类,运营,数据运营,"['运营', '数据分析']",美利金融,B轮,2000人以上
5965750,数据分析师（电商策略方向）,上海,本科,3-5年,15k-30k,产品|需求|项目类,高端产品职位,数据分析专家,[],南极电商,上市公司,150-500人
5888215,数据分析师（北京）(J10503),北京,本科,3-5年,8k-15k,产品|需求|项目类,数据分析,数据分析,['数据分析'],中和农信,不需要融资,2000人以上
4858411,数据分析师,北京,本科,1-3年,10k-20k,产品|需求|项目类,数据分析,数据分析,['数据分析'],有书,A轮,150-500人
5598817,数据分析师,苏州,本科,3-5年,15k-25k,产品|需求|项目类,数据分析,数据分析,"['数据分析', 'SQL', '数据库', '可视化']",瑞小云,不需要融资,15-50人
4384123,数据分析师（新零售）,上海,本科,1-3年,8k-10k,产品|需求|项目类,数据分析,数据分析,['数据分析'],微盟,上市公司,2000人以上
5390306,数据分析,上海,本科,3-5年,20k-40k,产品|需求|项目类,数据分析,数据分析,[],掌门集团,B轮,500-2000人
4384123,数据分析师（新零售）,上海,本科,1-3年,8k-10k,产品|需求|项目类,数据分析,数据分析,['数据分析'],微盟,上市公司,2000人以上
5390306,数据分析,上海,本科,3-5年,20k-40k,产品|需求|项目类,数据分析,数据分析,[],掌门集团,B轮,500-2000人
5798240,数据分析,深圳,本科,3-5年,15k-25k,产品|需求|项目类,数据分析,数据分析,"['BI', '商业', 'SQL']",BLUE,C轮,500-2000人
4746664,数据分析师,杭州,本科,3-5年,8k-15k,产品|需求|项目类,数据分析,数据分析,"['数据分析', 'SQL']",霖梓控股,B轮,150-500人
5247557,数据分析师,北京,本科,1-3年,15k-20k,开发|测试|运维类,数据开发,数据分析,['数据分析'],火花思维,C轮,500-2000人
5942644,数据分析师,上海,本科,1-3年,15k-25k,产品|需求|项目类,数据分析,数据分析,"['商业', '可视化', 'BI', '数据分析']",金宝贝网络科技,未融资,50-150人
5479849,大数据分析师,上海,本科,1-3年,9k-18k,产品|需求|项目类,数据分析,数据分析,['数据分析'],算话智能科技有限公司,B轮,50-150人
5709378,数据分析师,杭州,本科,1-3年,15k-25k,产品|需求|项目类,数据分析,数据分析,['BI'],上上签,C轮,150-500人
5523134,数据分析师(商业方向，初级）,深圳,本科,1年以下,8k-15k,产品|需求|项目类,数据分析,商业,[],一面数据,A轮,50-150人
5301241,数据分析师,上海,本科,3-5年,20k-30k,开发|测试|运维类,数据开发,数据分析,['数据分析'],国泰产险,不需要融资,500-2000人
5440536,数据分析师（初级）,广州,本科,1年以下,4k-8k,产品|需求|项目类,数据分析,数据分析,"['数据分析', '数据运营', '数据库']",悦跑圈,C轮,150-500人
5339102,数据分析师,北京,本科,3-5年,15k-30k,开发|测试|运维类,数据开发,数据分析,['数据分析'],新东方在线,不需要融资,500-2000人
4734246,数据分析师,北京,硕士,1-3年,10k-20k,产品|需求|项目类,数据分析,数据分析,"['商业', '可视化', '数据分析']",清帆科技,A轮,15-50人
2783123,数据分析师,深圳,本科,1-3年,15k-30k,产品|需求|项目类,数据分析,数据分析,['数据分析'],深圳妈妈资本,A轮,50-150人
5672050,数据分析,深圳,本科,1-3年,18k-35k,开发|测试|运维类,数据开发,数据分析,[],KLOOK 客路旅行,D轮及以上,500-2000人
4130779,数据分析师,深圳,硕士,不限,10k-18k,产品|需求|项目类,数据分析,数据分析,['数据分析'],微众税银,C轮,150-500人
5570911,数据分析师,北京,本科,3-5年,10k-15k,产品|需求|项目类,数据分析,数据分析,[],无极慧通,A轮,50-150人
5295411,数据分析师,上海,本科,1-3年,8k-16k,运营|编辑|客服类,审核,数据审核,['内容'],番糖游戏,未融资,50-150人
5246226,大数据分析师,成都,本科,1-3年,15k-25k,开发|测试|运维类,数据开发,数据分析,['数据分析'],成都聚思力信息技术有限公司,上市公司,500-2000人
5748277,数据分析师,成都,本科,1-3年,8k-10k,产品|需求|项目类,数据分析,数据分析,"['数据分析', '可视化', '商业']",易我科技,不需要融资,150-500人
5134571,数据分析师,上海,本科,1-3年,10k-20k,产品|需求|项目类,数据分析,数据分析,"['SQL', '数据分析']",PINTEC,上市公司,150-500人
4210417,数据分析师,深圳,本科,5-10年,25k-50k,开发|测试|运维类,数据开发,数据分析,['数据分析'],数位科技,B轮,150-500人
5779714,数据分析,北京,本科,3-5年,14k-25k,产品|需求|项目类,数据分析,数据分析,['数据库'],刷刷看,A轮,50-150人
5937522,数据分析师,杭州,本科,1-3年,11k-22k,产品|需求|项目类,数据分析,BI,"['商业', 'BI', '数据分析', 'SQL']",51信用卡管家,上市公司,500-2000人
5879346,数据分析师,武汉,大专,3-5年,7k-12k,产品|需求|项目类,数据分析,数据分析,"['商业', 'SQL', '数据分析']",优品财富管理有限公司,未融资,500-2000人
5523143,数据分析师(商业方向，中高级）,深圳,本科,1-3年,10k-20k,产品|需求|项目类,数据分析,商业,[],一面数据,A轮,50-150人
5729645,数据分析师（广州/深圳）,广州,本科,3-5年,8k-15k,开发|测试|运维类,数据开发,数据分析,['数据分析'],HARB,B轮,50-150人
5744502,数据分析师 (MJ001038),上海,不限,1-3年,15k-25k,开发|测试|运维类,数据开发,数据分析,['数据分析'],挖财,D轮及以上,500-2000人
5440507,数据分析师（中级）,广州,本科,1-3年,8k-15k,产品|需求|项目类,数据分析,数据分析,"['数据分析', '数据运营', '数据库']",悦跑圈,C轮,150-500人
5754075,数据分析师,北京,本科,1-3年,15k-30k,产品|需求|项目类,数据分析,数据分析,"['数据分析', '数据运营']",妙健康,C轮,150-500人
3606515,数据分析师,北京,本科,不限,15k-30k,开发|测试|运维类,数据开发,数据分析,['数据分析'],PINTEC,上市公司,150-500人
5523125,数据分析师（数据科学方向）,深圳,本科,1-3年,10k-20k,产品|需求|项目类,数据分析,数据分析,[],一面数据,A轮,50-150人
5398291,数据分析师,广州,本科,1-3年,8k-12k,产品|需求|项目类,数据分析,数据分析,"['数据运营', '数据分析', 'SQL', 'SPSS']",泛华金融控股集团,上市公司,500-2000人
2353221,数据分析员,西安,大专,1-3年,4k-8k,产品|需求|项目类,数据分析,数据分析,[],美国亚米网,A轮,50-150人
5964813,数据分析师,福州,大专,1-3年,6k-10k,产品|需求|项目类,数据分析,数据分析,['数据分析'],软帝联合,未融资,500-2000人
5916429,数据分析师,北京,本科,3-5年,15k-30k,产品|需求|项目类,数据分析,数据分析,"['SQL', 'SPSS']",玖富集团,D轮及以上,2000人以上
5385860,数据分析,广州,本科,1-3年,8k-10k,产品|需求|项目类,数据分析,数据分析,[],百事通,上市公司,500-2000人
5592108,数据分析员,深圳,本科,1-3年,10k-15k,产品|需求|项目类,数据分析,数据分析,"['数据运营', '数据分析', 'SPSS', 'DBA']",路通网络,不需要融资,500-2000人
5922501,数据分析师,上海,本科,3-5年,15k-25k,产品|需求|项目类,数据分析,数据分析,"['BI', 'SQL', '数据分析']",轻轻家教,D轮及以上,2000人以上
5937472,数据分析师,北京,本科,1-3年,6k-12k,开发|测试|运维类,数据开发,数据分析,"['数据分析', '数据处理']",有大家,天使轮,15-50人
5662282,大数据分析师,北京,本科,3-5年,20k-40k,开发|测试|运维类,数据开发,数据分析,"['Spark', 'Hive', '数据分析']",居理新房,B轮,500-2000人
5587569,数据分析师,广州,本科,1-3年,8k-15k,产品|需求|项目类,数据分析,数据分析,['数据分析'],茉莉传媒,不需要融资,150-500人
3352445,数据分析（BI）,上海,本科,1-3年,10k-14k,开发|测试|运维类,数据开发,数据分析,"['Hive', '数据分析']",海万科技,不需要融资,500-2000人
5780722,数据分析师,北京,本科,3-5年,15k-30k,产品|需求|项目类,数据分析,数据分析,"['BI', 'SQL', 'SPSS', '数据分析']",嗨学网,D轮及以上,500-2000人
4765174,大数据分析师,上海,本科,3-5年,15k-25k,产品|需求|项目类,数据分析,数据分析,"['商业', 'BI', '数据分析']",创略科技,B轮,150-500人
5780722,数据分析师,北京,本科,3-5年,15k-30k,产品|需求|项目类,数据分析,数据分析,"['BI', 'SQL', 'SPSS', '数据分析']",嗨学网,D轮及以上,500-2000人
4765174,大数据分析师,上海,本科,3-5年,15k-25k,产品|需求|项目类,数据分析,数据分析,"['商业', 'BI', '数据分析']",创略科技,B轮,150-500人
5388108,数据分析师,上海,本科,1-3年,15k-20k,产品|需求|项目类,数据分析,数据分析,"['BI', '可视化', '数据分析', 'SQL']",途虎养车网,D轮及以上,2000人以上
5801014,数据分析师,广州,本科,5-10年,15k-25k,产品|需求|项目类,数据分析,数据分析,['数据分析'],卓越教育集团,不需要融资,2000人以上
5969029,数据分析师,上海,本科,1-3年,15k-25k,产品|需求|项目类,数据分析,数据分析,"['数据分析', 'SPSS']",七牛云,D轮及以上,150-500人
5742734,数据分析岗,深圳,本科,1-3年,8k-15k,产品|需求|项目类,数据分析,数据分析,['数据分析'],人人聚财,A轮,2000人以上
5155283,数据分析师（贷后）,北京,本科,3-5年,25k-40k,金融类,互联网金融,风控,"['风控', '分析师']",人人贷,A轮,2000人以上
5785645,032281-数据分析岗,深圳,本科,1-3年,11k-20k,综合职能|高级管理,人力资源,其他人力资源,['人力资源'],平安产险,上市公司,2000人以上
5804640,数据分析师,上海,本科,3-5年,15k-30k,产品|需求|项目类,数据分析,数据分析,"['数据分析', 'BI']",还呗-智能信贷领先者,B轮,500-2000人
5523119,数据分析师（数据资产方向）,深圳,本科,1-3年,10k-20k,开发|测试|运维类,数据开发,数据分析,[],一面数据,A轮,50-150人
4024564,数据分析师,上海,本科,1-3年,8k-15k,开发|测试|运维类,数据开发,数据分析,['数据分析'],高登世德金融科技,A轮,50-150人
5897831,数据分析师,上海,本科,3-5年,15k-30k,产品|需求|项目类,数据分析,数据分析,"['BI', '商业', '数据分析']",联元智能科技,A轮,50-150人
5533861,数据分析师（会员营销）,广州,大专,3-5年,10k-15k,市场|商务类,市场|营销,商业数据分析,[],屈臣氏中国,不需要融资,2000人以上
5760257,数据分析师,北京,本科,1-3年,15k-25k,产品|需求|项目类,数据分析,数据分析,['数据分析'],PINTEC,上市公司,150-500人
5390760,数据分析师,广州,本科,1-3年,6k-10k,商业服务|专业服务,咨询|调研,情报信息分析人员,[],筷子科技,B轮,50-150人
2756905,数据分析师,北京,本科,1-3年,15k-25k,产品|需求|项目类,数据分析,数据分析,"['数据分析', 'SQL', '商业', '数据库']",金山办公软件,上市公司,2000人以上
3345573,数据分析,上海,本科,3-5年,14k-18k,开发|测试|运维类,数据开发,数据分析,['Hive'],海万科技,不需要融资,500-2000人
5020913,数据分析师,上海,本科,3-5年,10k-20k,产品|需求|项目类,数据分析,数据分析,"['数据分析', '数据运营', 'SQL', '数据库']",Datatist,A轮,50-150人
5929616,数据分析师-风控,北京,本科,1-3年,15k-25k,产品|需求|项目类,数据分析,数据分析,"['可视化', '数据分析', '商业', 'SQL']",凡普金科,不需要融资,2000人以上
5936045,数据分析师,杭州,大专,3-5年,8k-10k,产品|需求|项目类,数据分析,数据分析,['数据分析'],脸脸,A轮,150-500人
5760999,数据分析师(J10156),上海,本科,1年以下,6k-10k,产品|需求|项目类,数据分析,商业,[],AdMaster,不需要融资,500-2000人
3403083,数据分析师（风控建模方向）,北京,硕士,1-3年,15k-30k,开发|测试|运维类,数据开发,数据分析,['数据分析'],中诚信征信,不需要融资,150-500人
5733985,数据分析师（评分卡）,深圳,本科,3-5年,12k-20k,金融类,互联网金融,分析师,"['风控', '策略设计', '分析师']",即有分期,D轮及以上,500-2000人
5614123,数据分析师-用户增长方向,北京,本科,3-5年,15k-30k,产品|需求|项目类,数据分析,数据分析,"['数据分析', 'SQL']",微聚未来,不需要融资,500-2000人
5872258,00680-数据分析,杭州,不限,3-5年,10k-20k,开发|测试|运维类,数据开发,BI工程师,"['数据分析', '数据挖掘']",云集,上市公司,500-2000人
5580770,数据分析师,成都,本科,1-3年,8k-10k,产品|需求|项目类,数据分析,数据分析,['数据分析'],DataCastle,天使轮,15-50人
5719370,数据分析师,杭州,本科,不限,12k-24k,产品|需求|项目类,数据分析,数据分析,"['SPSS', '数据分析']",好衣库,B轮,150-500人
5781958,数据分析师（供应链）,北京,本科,5-10年,20k-30k,产品|需求|项目类,数据分析,数据分析,"['SQL', '数据分析']",联想集团,上市公司,2000人以上
5540455,数据分析师,广州,本科,1-3年,7k-10k,产品|需求|项目类,数据分析,数据分析,"['BI', '数据分析']",巴图鲁公司,C轮,500-2000人
4477756,数据分析师,上海,本科,3-5年,10k-20k,开发|测试|运维类,数据开发,数据分析,['数据分析'],盛付通,不需要融资,150-500人
5929577,数据分析师-增长,北京,本科,1-3年,15k-25k,开发|测试|运维类,数据开发,数据分析,"['ETL', '数据仓库', '数据分析', 'SQLServer']",凡普金科,不需要融资,2000人以上
5848694,数据分析-武汉,武汉,本科,5-10年,15k-30k,开发|测试|运维类,数据开发,数据分析,"['数据分析', '数据处理', '数据挖掘']",深圳市丰巢科技有限公司,A轮,500-2000人
4151863,大数据分析师,北京,本科,不限,10k-20k,开发|测试|运维类,数据开发,数据分析,"['算法', '数据挖掘', '数据分析']",泛钛客,A轮,150-500人
5371833,数据分析师,上海,本科,3-5年,20k-25k,产品|需求|项目类,数据分析,数据分析,"['可视化', 'SQL', '数据分析', '数据库']",鸿研物流,C轮,150-500人
5941650,数据分析师,北京,本科,1-3年,20k-30k,产品|需求|项目类,数据分析,数据分析,"['数据分析', '数据运营']",酷得少年,A轮,50-150人
5975583,数据分析师,上海,本科,1-3年,10k-15k,产品|需求|项目类,数据分析,数据分析,[],维信金融科技集团,上市公司,2000人以上
5885332,数据分析师,北京,本科,1-3年,13k-20k,产品|需求|项目类,数据分析,数据分析,"['数据分析', '数据运营', 'SQL', '数据库']",蚂蚁短租,C轮,150-500人
5372143,数据分析师,武汉,大专,3-5年,6k-10k,产品|需求|项目类,数据分析,数据分析,"['SPSS', 'SQL', '数据分析', '数据运营']",优品财富管理有限公司,未融资,500-2000人
5524909,数据分析师（商品方向）,深圳,本科,3-5年,15k-20k,产品|需求|项目类,数据分析,数据分析,"['数据分析', 'SQL', '商业']",立创商城,A轮,150-500人
5927298,数据分析师,上海,本科,3-5年,20k-35k,产品|需求|项目类,数据分析,数据分析,"['数据分析', '可视化', '数据运营']",乐元素游戏,不需要融资,500-2000人
5635541,数据分析师,北京,本科,1-3年,10k-15k,产品|需求|项目类,数据分析,业务运营,['数据分析'],医联,D轮及以上,150-500人
5905232,数据分析师,上海,本科,3-5年,20k-35k,开发|测试|运维类,数据开发,数据分析,"['数据仓库', '数据分析']",星合金融科技,不需要融资,50-150人
5677709,（民航）数据分析师,上海,硕士,3-5年,10k-20k,产品|需求|项目类,数据分析,数据分析,"['可视化', 'SPSS', '数据分析']",飞常准,不需要融资,500-2000人
5887362,数据分析师,上海,本科,5-10年,20k-35k,产品|需求|项目类,数据分析,数据分析,"['商业', 'BI', '数据分析']",上海小牛互娱智能科技有限公司,未融资,500-2000人
5456635,数据分析师,上海,本科,3-5年,20k-25k,产品|需求|项目类,数据分析,数据分析,"['数据分析', 'BI', '商业']",亚朵集团,不需要融资,2000人以上
5887362,数据分析师,上海,本科,5-10年,20k-35k,产品|需求|项目类,数据分析,数据分析,"['商业', 'BI', '数据分析']",上海小牛互娱智能科技有限公司,未融资,500-2000人
5456635,数据分析师,上海,本科,3-5年,20k-25k,产品|需求|项目类,数据分析,数据分析,"['数据分析', 'BI', '商业']",亚朵集团,不需要融资,2000人以上
5151976,数据分析师,上海,不限,3-5年,10k-20k,开发|测试|运维类,数据开发,数据分析,['数据分析'],艾天科技,不需要融资,15-50人
4265476,数据分析师,杭州,本科,3-5年,15k-25k,开发|测试|运维类,数据开发,数据分析,['数据分析'],光云科技,不需要融资,500-2000人
5518593,数据分析师(J10177),北京,本科,1-3年,10k-20k,金融类,互联网金融,分析师,"['风控', '分析师']",包银消费金融,不需要融资,150-500人
5690955,数据分析师（数据运营）,上海,本科,3-5年,10k-20k,产品|需求|项目类,数据分析,数据分析,"['数据分析', '数据运营', '数据库']",驰骛科技ChiefClouds,A轮,50-150人
3803867,数据分析师,北京,本科,1-3年,10k-20k,开发|测试|运维类,数据开发,数据分析,['数据分析'],她理财,A轮,50-150人
5037237,数据分析师,武汉,本科,1-3年,3k-6k,金融类,互联网金融,分析师,['分析师'],灯塔财经,不需要融资,50-150人
4910076,数据分析师,杭州,本科,1-3年,8k-15k,开发|测试|运维类,数据开发,BI工程师,['数据分析'],保险师 ・ 微易信息科技,B轮,150-500人
5420463,数据分析师,深圳,本科,3-5年,13k-25k,产品|需求|项目类,数据分析,数据分析,['数据分析'],随手科技,C轮,500-2000人
5524923,数据分析师（用户）,深圳,不限,不限,6k-10k,产品|需求|项目类,数据分析,数据分析,"['数据分析', 'SQL', '数据库']",立创商城,A轮,150-500人
5896736,数据分析师（数据产品方向）,北京,本科,3-5年,15k-25k,产品|需求|项目类,数据分析,数据分析,"['商业', 'SQL', '数据分析']",网信,不需要融资,500-2000人
5900608,数据分析师,上海,本科,3-5年,10k-15k,开发|测试|运维类,数据开发,数据分析,['数据分析'],旖美科技,A轮,150-500人
5820001,数据分析师,上海,本科,3-5年,15k-30k,产品|需求|项目类,数据分析,数据分析,['数据分析'],ZRobot,未融资,50-150人
5935619,数据分析师,武汉,大专,1-3年,5k-8k,产品|需求|项目类,数据分析,数据分析,['数据分析'],去哪儿网,不需要融资,2000人以上
5409676,11124Z-数据分析工程师-云技术服务,深圳,本科,3-5年,20k-40k,开发|测试|运维类,数据开发,数据分析,"['Hadoop', 'Spark', '数据分析', '数据挖掘']",平安科技,不需要融资,2000人以上
4757404,数据分析师-深圳,深圳,本科,3-5年,15k-25k,产品|需求|项目类,数据分析,数据分析,"['商业', 'BI', '可视化', '数据分析']",神策数据,C轮,150-500人
5959158,数据分析师,深圳,大专,3-5年,10k-15k,产品|需求|项目类,数据分析,数据分析,"['BI', 'SQL', '数据分析', '数据运营']",华策,未融资,50-150人
5622525,数据分析师,重庆,本科,1-3年,6k-12k,产品|需求|项目类,数据分析,数据分析,['数据分析'],赛迪信息,不需要融资,500-2000人
4112258,数据分析师,广州,本科,1-3年,8k-15k,产品|需求|项目类,数据分析,数据分析,"['可视化', '数据分析', 'SPSS']",DataStory,B轮,150-500人
5900692,数据分析师,北京,本科,3-5年,10k-20k,产品|需求|项目类,数据分析,数据分析,"['数据分析', 'SQL', '数据运营']",国美控股集团,不需要融资,2000人以上
5756488,数据分析师（零售行业）,北京,本科,5-10年,20k-40k,开发|测试|运维类,数据开发,数据分析,"['数据分析', 'MySQL']",高济医疗,不需要融资,150-500人
5960550,数据分析师,北京,本科,3-5年,20k-35k,产品|需求|项目类,数据分析,数据分析,"['数据分析', 'SQL', '数据库']",百乘金科集团,上市公司,2000人以上
5906310,数据分析师,深圳,本科,3-5年,12k-20k,产品|需求|项目类,数据分析,数据分析,"['数据分析', 'SQL']",DJI大疆创新,未融资,2000人以上
5830151,数据分析 (MJ000141),南京,不限,1-3年,9k-14k,开发|测试|运维类,数据开发,数据分析,"['SQLServer', 'MySQL']",阿博茨科技,B轮,150-500人
4152103,大数据分析师（自然语言处理方向）,北京,本科,不限,10k-20k,开发|测试|运维类,数据开发,数据分析,"['NLP', '算法', '数据分析']",泛钛客,A轮,150-500人
5951660,数据分析师,厦门,本科,3-5年,10k-20k,开发|测试|运维类,数据开发,数据分析,"['数据分析', '数据挖掘', 'MySQL']",点触科技,上市公司,150-500人
4153555,数据分析师,北京,本科,3-5年,15k-20k,产品|需求|项目类,数据分析,数据分析,[],彩讯股份,上市公司,500-2000人
5771368,数据分析-连信,上海,不限,1-3年,25k-35k,产品|需求|项目类,数据分析,数据分析,[],掌门集团,B轮,500-2000人
5969826,数据分析师,北京,本科,3-5年,20k-30k,产品|需求|项目类,数据分析,数据分析,['数据分析'],妙健康,C轮,150-500人
4756488,数据分析师-北京,北京,本科,3-5年,15k-25k,产品|需求|项目类,数据分析,数据分析,"['商业', 'BI', '可视化', '数据分析']",神策数据,C轮,150-500人
5970345,4721EM-智慧法律-数据分析岗,深圳,本科,3-5年,15k-30k,开发|测试|运维类,数据开发,数据挖掘,[],平安智慧城,不需要融资,2000人以上
5904186,数据分析师,北京,本科,3-5年,10k-20k,产品|需求|项目类,数据分析,数据分析,[],美团点评,上市公司,2000人以上
5800754,数据分析师（风险分析）,上海,本科,1-3年,13k-16k,开发|测试|运维类,数据开发,数据分析,['数据挖掘'],维信金融科技集团,上市公司,2000人以上
5698644,数据分析师,武汉,本科,1-3年,4k-7k,产品|需求|项目类,数据分析,数据分析,"['数据分析', '数据运营']",长江云新媒体集团,未融资,150-500人
5960771,数据分析师,深圳,本科,1-3年,15k-20k,产品|需求|项目类,数据分析,数据分析,['数据分析'],金銮羊羊,未融资,50-150人
5672823,（高级）数据分析师,北京,大专,3-5年,14k-20k,产品|需求|项目类,数据分析,数据分析,"['BI', '数据分析', 'SQL']",58到家,D轮及以上,2000人以上
5918327,数据分析师,上海,本科,1-3年,10k-20k,产品|需求|项目类,数据分析,数据分析,['数据分析'],返利网,C轮,500-2000人
4057574,数据分析师,北京,本科,5-10年,10k-15k,产品|需求|项目类,数据分析,数据分析,"['数据分析', 'SPSS']",造作,B轮,150-500人
5901301,数据分析师,上海,不限,3-5年,15k-25k,产品|需求|项目类,数据分析,数据分析,"['数据分析', '可视化', '商业']",上海小牛互娱智能科技有限公司,未融资,500-2000人
5736785,数据分析师 (MJ000294),北京,不限,3-5年,15k-25k,产品|需求|项目类,数据分析,数据分析,"['数据分析', 'BI', '商业', '数据运营']",Keep,D轮及以上,500-2000人
5338478,数据分析师,上海,本科,3-5年,15k-25k,产品|需求|项目类,数据分析,数据分析,"['商业', 'BI', '可视化', '数据分析']",GeexFinance,A轮,150-500人
5845465,数据分析师,深圳,本科,5-10年,15k-25k,产品|需求|项目类,数据分析,数据分析,[],闻善科技,不需要融资,50-150人
5645002,数据分析师,深圳,本科,1-3年,9k-15k,产品|需求|项目类,数据分析,数据分析,"['SQL', '数据分析', '数据库']",极光,上市公司,500-2000人
5781438,数据分析师,深圳,本科,5-10年,10k-20k,产品|需求|项目类,数据分析,数据分析,['数据分析'],百果科技,B轮,150-500人
5645002,数据分析师,深圳,本科,1-3年,9k-15k,产品|需求|项目类,数据分析,数据分析,"['SQL', '数据分析', '数据库']",极光,上市公司,500-2000人
5781438,数据分析师,深圳,本科,5-10年,10k-20k,产品|需求|项目类,数据分析,数据分析,['数据分析'],百果科技,B轮,150-500人
5494133,数据分析师,广州,本科,1-3年,8k-15k,产品|需求|项目类,数据分析,数据分析,['数据分析'],蓝月亮,不需要融资,2000人以上
5959124,数据分析师 (MJ001006),上海,本科,3-5年,20k-35k,产品|需求|项目类,数据分析,数据分析,"['商业', '数据分析', '增长黑客']",哔哩哔哩,上市公司,2000人以上
5021443,数据分析师,深圳,硕士,1-3年,10k-15k,开发|测试|运维类,数据开发,数据分析,"['数据挖掘', '数据分析']",风变科技（深圳）有限公司,A轮,150-500人
4315150,数据分析师,上海,大专,不限,5k-10k,产品|需求|项目类,数据分析,数据分析,"['BI', '数据分析']",申通快递,上市公司,2000人以上
4391610,数据分析师（智能出行方向）,北京,本科,1-3年,15k-25k,开发|测试|运维类,数据开发,数据分析,"['数据挖掘', '数据分析']",嘀嗒出行,D轮及以上,150-500人
5656177,数据分析师,武汉,大专,1-3年,5k-8k,产品|需求|项目类,数据分析,业务运营,['数据分析'],小红书,D轮及以上,500-2000人
5775291,大数据分析师,天津,本科,1-3年,15k-20k,开发|测试|运维类,数据开发,数据分析,['数据分析'],星际空间（天津）科技发展有限公司,不需要融资,150-500人
3246596,数据分析师,北京,本科,3-5年,18k-25k,产品|需求|项目类,数据分析,数据分析,"['可视化', '数据分析', 'SPSS']",四达时代集团,上市公司,2000人以上
5850287,数据分析员,广州,本科,3-5年,7k-12k,市场|商务类,市场|营销,商业数据分析,"['行业分析', '市场竞争分析', '市场分析', '消费者分析']",健客网,B轮,500-2000人
4807455,数据分析,北京,本科,不限,10k-20k,开发|测试|运维类,数据开发,数据分析,[],瑞银信,不需要融资,2000人以上
5712371,数据科学-数据分析,上海,不限,不限,20k-40k,开发|测试|运维类,数据开发,数据分析,"['MySQL', '数据分析']",OYO,不需要融资,500-2000人
4584644,数据分析（实习）,广州,本科,不限,3k-4k,产品|需求|项目类,数据分析,数据分析,"['数据分析', 'SPSS']",赢商网,上市公司,150-500人
5439015,数据分析师,上海,本科,5-10年,25k-50k,产品|需求|项目类,数据分析,数据分析,"['数据分析', '数据运营', '数据库']",上海小牛互娱智能科技有限公司,未融资,500-2000人
4391587,数据分析师（风控方向）,北京,本科,1-3年,15k-25k,开发|测试|运维类,数据开发,数据分析,"['数据挖掘', '数据分析']",嘀嗒出行,D轮及以上,150-500人
5922655,数据分析师,成都,不限,不限,15k-30k,开发|测试|运维类,数据开发,数据分析,"['数据分析', '数据处理', '数据挖掘']",西瓜创客,A轮,150-500人
5701380,数据分析,成都,硕士,不限,12k-20k,产品|需求|项目类,数据分析,数据分析,[],XGATE讯格得,不需要融资,50-150人
5881188,数据分析师（用户行为分析） (MJ000598),上海,本科,3-5年,15k-25k,开发|测试|运维类,数据开发,数据分析,"['MySQL', 'ETL']",上海你我贷互联网金融信息服务,未融资,2000人以上
5327291,数据分析,上海,本科,1-3年,12k-20k,开发|测试|运维类,数据开发,数据分析,[],哈出行,D轮及以上,2000人以上
5822597,资深数据分析师,杭州,本科,3-5年,19k-28k,开发|测试|运维类,数据开发,数据分析,"['Hive', '数据分析']",酷家乐,D轮及以上,500-2000人
5452870,数据分析师,北京,本科,1-3年,10k-15k,产品|需求|项目类,数据分析,数据分析,['BI'],居理新房,B轮,500-2000人
3650471,数据分析师,上海,本科,1-3年,15k-25k,产品|需求|项目类,数据分析,数据分析,"['BI', '数据分析', 'SPSS']",前隆科技,B轮,500-2000人
5525274,数据分析师（上海）,上海,本科,1-3年,13k-25k,产品|需求|项目类,数据分析,数据分析,['数据分析'],随手科技,C轮,500-2000人
5639625,数据分析师,北京,本科,1-3年,10k-20k,金融类,互联网金融,分析师,[],微聚未来,不需要融资,500-2000人
3973887,数据分析师-杭州-00400,杭州,本科,3-5年,10k-20k,开发|测试|运维类,数据开发,数据分析,"['数据挖掘', '数据分析']",同盾科技,C轮,500-2000人
4823990,数据分析师/高级数据分析师,北京,本科,3-5年,15k-25k,开发|测试|运维类,数据开发,数据分析,"['数据挖掘', '数据分析']",去哪儿网,不需要融资,2000人以上
5515756,数据分析师,北京,本科,3-5年,15k-30k,产品|需求|项目类,数据分析,数据分析,"['数据分析', 'SQL', '数据库']",混沌大学,不需要融资,150-500人
2413373,数据分析师,天津,本科,3-5年,10k-15k,开发|测试|运维类,数据开发,数据分析,"['数据挖掘', '数据分析']",神州商龙,上市公司,500-2000人
5512268,数据分析师,北京,本科,3-5年,15k-25k,产品|需求|项目类,数据分析,数据分析,['数据分析'],福佑卡车,D轮及以上,500-2000人
5512268,数据分析师,北京,本科,3-5年,15k-25k,产品|需求|项目类,数据分析,数据分析,['数据分析'],福佑卡车,D轮及以上,500-2000人
5792515,数据分析师,北京,本科,1-3年,15k-25k,产品|需求|项目类,数据分析,数据分析,"['BI', '数据分析']",VIPKID,D轮及以上,2000人以上
5834821,数据分析,北京,大专,3-5年,30k-50k,产品|需求|项目类,数据分析,数据分析,['数据库'],北京复创时代科技有限公司,不需要融资,150-500人
5550881,数据分析师（汽车金融）,上海,本科,1-3年,8k-15k,产品|需求|项目类,数据分析,数据分析,"['数据分析', 'SQL', '商业', '数据运营']",2345.com,上市公司,500-2000人
5335113,数据分析师,上海,本科,1-3年,11k-16k,开发|测试|运维类,数据开发,BI工程师,"['ETL', 'DB2', '数据分析']",R2.ai,A轮,50-150人
5598888,数据运营/数据分析师,苏州,本科,3-5年,10k-20k,运营|编辑|客服类,运营,数据运营,"['运营', '数据分析', '产品运营', '效果跟踪']",瑞小云,不需要融资,15-50人
5416597,数据分析师 (MJ003207),上海,不限,不限,15k-25k,产品|需求|项目类,数据分析,数据分析,"['SPSS', 'SQL', '数据库', '数据分析']",哈出行,D轮及以上,2000人以上
5167551,数据分析师,北京,本科,3-5年,15k-30k,产品|需求|项目类,数据分析,数据分析,"['数据分析', 'SQL', '数据库']",混沌大学,不需要融资,150-500人
5304999,数据分析师,上海,本科,3-5年,20k-30k,开发|测试|运维类,数据开发,数据分析,['数据分析'],虎扑,D轮及以上,150-500人
5265178,数据分析师,广州,本科,3-5年,7k-12k,运营|编辑|客服类,运营,数据运营,"['数据分析', '运营', '用户增长']",联邦车网,不需要融资,150-500人
3968931,数据分析师,上海,本科,1-3年,10k-15k,产品|需求|项目类,数据分析,数据分析,"['BI', '数据分析']",GeexFinance,A轮,150-500人
5873951,数据分析,北京,本科,1-3年,8k-12k,产品|需求|项目类,数据分析,数据分析,"['BI', '商业', '数据运营']",医联,D轮及以上,150-500人
5823626,数据分析师,深圳,本科,3-5年,20k-30k,产品|需求|项目类,数据分析,数据分析,['数据分析'],每日优鲜,C轮,500-2000人
5327234,商业产品实习生-数据分析,北京,本科,不限,4k-5k,产品|需求|项目类,产品经理,其他产品经理,['产品经理'],字节跳动,C轮,2000人以上
5754290,高级风险建模 / 数据分析师,深圳,本科,1-3年,16k-30k,开发|测试|运维类,数据开发,数据分析,['数据分析'],腾梭科技,A轮,150-500人
